{"Version":2,"SourceFileDate":132877599530951040,"Flags":["FL_BITMAP_COMPRESSION","FL_BITMAP_MIPMAP","FL_BITMAP_QUALITY_HIGH","FL_BITMAP_PRECOMPUTED_INV_AVG"],"InvAvgColor":[3.2442600727081299,3.7350738048553467,4.5517363548278809],"HasTransp":true}